{
  "001": {
    "name": "NPCDummy",
    "portrait": "NPCDummy",
    "text": {
      "en": "Lorem ipsum dolor sit amet, consectetur adipiscing elit. Nullam lobortis, neque sed finibus tristique, nunc mi volutpat erat, at tempus quam erat nec sem. Sed mi ante, dignissim in nibh at, euismod ullamcorper tortor. Donec non ornare justo. Curabitur a venenatis odio. Suspendisse elit mi, accumsan quis hendrerit id, lobortis nec nisi. Praesent a nibh urna. Phasellus fringilla, augue a faucibus dignissim, purus metus fermentum nibh, vitae ultricies eros lacus at leo.",
      "fr": "Lorem ipsum dolor sit amet, consectetur adipiscing elit. Nullam lobortis, neque sed finibus tristique, nunc mi volutpat erat, at tempus quam erat nec sem. Sed mi ante, dignissim in nibh at, euismod ullamcorper tortor. Donec non ornare justo. Curabitur a venenatis odio. Suspendisse elit mi, accumsan quis hendrerit id, lobortis nec nisi. Praesent a nibh urna. Phasellus fringilla, augue a faucibus dignissim, purus metus fermentum nibh, vitae ultricies eros lacus at leo."
    },
    "next": "002"
  },
  "002": {
    "name": "NPCDummy",
    "portrait": "NPCDummy",
    "text": {
      "en": "Lorem ipsum dolor sit amet, consectetur adipiscing elit. Fusce vestibulum pharetra orci et facilisis. Duis luctus nisl at sapien commodo, non vestibulum orci cursus. Mauris id tellus vitae nisi congue vehicula vel interdum orci. Mauris ultricies lorem id sem tincidunt, non pulvinar dui laoreet. Suspendisse tortor magna, pharetra vel tortor sit amet, ultricies sollicitudin diam. Fusce eu auctor massa. Aenean at laoreet enim. Duis eu suscipit sapien. Donec eleifend pulvinar est, sed blandit urna dapibus vel. Duis dui massa, accumsan eu pellentesque fringilla, pellentesque in massa. Fusce pretium pretium orci eu tempor. Donec ac pellentesque est. Nullam fringilla euismod magna vel posuere. Sed dignissim mattis nulla non vulputate. Sed eu suscipit ante. Integer vehicula ornare neque, eu faucibus turpis mattis vel. Cras id consectetur tellus. Quisque ultricies sapien id turpis varius, in pellentesque est sollicitudin. Vivamus sagittis massa a ex ullamcorper, at accumsan ligula placerat. Vivamus dapibus hendrerit justo sit amet vulputate. Morbi ut elit eget risus suscipit rutrum ut a arcu. In ut mauris ut sem tincidunt laoreet a non quam. Nam cursus leo at metus eleifend, sed sagittis felis fermentum. Aliquam porttitor fringilla tellus, nec dapibus enim interdum et. Proin nec elit nulla. Sed facilisis commodo turpis, a vestibulum urna tempor ut. Aenean pellentesque, erat quis cursus varius, erat quam euismod felis, eu blandit ex diam ac nisl. Suspendisse a lectus urna. Aliquam orci ex, maximus at quam ac, mattis efficitur ipsum. Integer eget ante non urna vulputate mattis at ac ipsum. Nunc pharetra condimentum quam, vel imperdiet ligula rutrum eu. Sed scelerisque gravida felis, eget imperdiet sapien pretium ut. Pellentesque venenatis sapien quis pharetra placerat. Ut eget tristique magna. Etiam vulputate, elit ac rhoncus molestie, sem mi suscipit nibh, vel convallis turpis nulla vitae nisi. Cras accumsan lobortis neque eleifend rhoncus. Nullam ullamcorper justo erat, eu iaculis justo lacinia et.",
      "fr": "Lorem ipsum dolor sit amet, consectetur adipiscing elit. Fusce vestibulum pharetra orci et facilisis. Duis luctus nisl at sapien commodo, non vestibulum orci cursus. Mauris id tellus vitae nisi congue vehicula vel interdum orci. Mauris ultricies lorem id sem tincidunt, non pulvinar dui laoreet. Suspendisse tortor magna, pharetra vel tortor sit amet, ultricies sollicitudin diam. Fusce eu auctor massa. Aenean at laoreet enim. Duis eu suscipit sapien. Donec eleifend pulvinar est, sed blandit urna dapibus vel. Duis dui massa, accumsan eu pellentesque fringilla, pellentesque in massa. Fusce pretium pretium orci eu tempor. Donec ac pellentesque est. Nullam fringilla euismod magna vel posuere. Sed dignissim mattis nulla non vulputate. Sed eu suscipit ante. Integer vehicula ornare neque, eu faucibus turpis mattis vel. Cras id consectetur tellus. Quisque ultricies sapien id turpis varius, in pellentesque est sollicitudin. Vivamus sagittis massa a ex ullamcorper, at accumsan ligula placerat. Vivamus dapibus hendrerit justo sit amet vulputate. Morbi ut elit eget risus suscipit rutrum ut a arcu. In ut mauris ut sem tincidunt laoreet a non quam. Nam cursus leo at metus eleifend, sed sagittis felis fermentum. Aliquam porttitor fringilla tellus, nec dapibus enim interdum et. Proin nec elit nulla. Sed facilisis commodo turpis, a vestibulum urna tempor ut. Aenean pellentesque, erat quis cursus varius, erat quam euismod felis, eu blandit ex diam ac nisl. Suspendisse a lectus urna. Aliquam orci ex, maximus at quam ac, mattis efficitur ipsum. Integer eget ante non urna vulputate mattis at ac ipsum. Nunc pharetra condimentum quam, vel imperdiet ligula rutrum eu. Sed scelerisque gravida felis, eget imperdiet sapien pretium ut. Pellentesque venenatis sapien quis pharetra placerat. Ut eget tristique magna. Etiam vulputate, elit ac rhoncus molestie, sem mi suscipit nibh, vel convallis turpis nulla vitae nisi. Cras accumsan lobortis neque eleifend rhoncus. Nullam ullamcorper justo erat, eu iaculis justo lacinia et."
    }
  }
}
